{
  "train_loss": [
    0.8551855029563876,
    0.7295656319558044,
    0.6821350416802004,
    0.6678280445810277,
    0.6332326089156675,
    0.6065580806400083,
    0.6045427033953747,
    0.5880985673373105,
    0.6034761032726196,
    0.5527845150017753,
    0.574286435878653,
    0.5416564547224662,
    0.5468454745485959,
    0.5289509113736512,
    0.5299325969890023,
    0.5162411707042059,
    0.5343257265684671,
    0.5207253415717386,
    0.5307996667179116,
    0.5187714051794853,
    0.5408198006669664,
    0.5434253571473021,
    0.4968140202163845,
    0.49644940514518154,
    0.5353770438680289,
    0.48542188155839905,
    0.4892746585010981,
    0.4904394101692236,
    0.4867680514992806,
    0.46873498155035703,
    0.4478000287068677,
    0.4588757936013085,
    0.4465238403871436,
    0.44097031316271756,
    0.4290985061259041,
    0.44672168454636135,
    0.4440563205731852,
    0.4456549854029867,
    0.41443142390853144,
    0.44397901479095975,
    0.4616215998108001,
    0.4432481825333842,
    0.4826950209736588,
    0.46048294824752944,
    0.4495703539522563,
    0.46392964643629725,
    0.4289386810777658,
    0.46753091677354136,
    0.42918357637447685,
    0.425343683168019,
    0.41273778772956793,
    0.42101218142647334,
    0.4190347228302518,
    0.4011886187121919
  ],
  "val_loss": [
    0.918739079079324,
    0.7035575160740442,
    0.6148283213642775,
    0.6381831899046182,
    0.6089396041362364,
    0.5563720196757863,
    0.6462653942249849,
    0.5367571014976198,
    0.5370310759216146,
    0.5256531225102543,
    0.5034192063778665,
    0.50493383875826,
    0.5176446377503171,
    0.5044483904031801,
    0.4836271880663419,
    0.4924321429057994,
    0.4751957587928099,
    0.4786202358342088,
    0.4767514192602617,
    0.47328133796845906,
    0.4885619865319724,
    0.4818892887414943,
    0.4822905706501466,
    0.4428543173815227,
    0.43770950094545585,
    0.4360736266901546,
    0.4391645487725279,
    0.43191008821816507,
    0.4248124474842045,
    0.4107020905802153,
    0.4154884239214386,
    0.4112517652840429,
    0.4127801984837046,
    0.41660414652409883,
    0.4194775846519914,
    0.40881924682329285,
    0.4108632916768661,
    0.4141412524648274,
    0.39714143784751854,
    0.4019054381989744,
    0.4066805337206547,
    0.44498425252821633,
    0.43492235627917974,
    0.43114840247173425,
    0.429272243141323,
    0.43437971358400534,
    0.4094296720544481,
    0.4112839574847997,
    0.3988037728816667,
    0.4004320863882356,
    0.387211249111411,
    0.411745404254916,
    0.42092271969086537,
    0.39667372287883174
  ],
  "train_iou": [
    0.1430027876043514,
    0.2424268976084486,
    0.25837756116439864,
    0.26210418977338523,
    0.294321521875133,
    0.33829666073147435,
    0.32956320876423173,
    0.3629750244064462,
    0.33841091153946673,
    0.3979547688901721,
    0.36195689031047384,
    0.3960038154339974,
    0.38044791476227036,
    0.40512379859561,
    0.4102476174295711,
    0.41458030837991655,
    0.39297387796866484,
    0.40567793240306693,
    0.4038883724023315,
    0.4127592833756139,
    0.39027201864831207,
    0.38033091156560067,
    0.42980643361633564,
    0.4326058334142792,
    0.3692084159086322,
    0.42852767316391643,
    0.4152163560335275,
    0.4140559675215361,
    0.43040914532945496,
    0.4486052423937844,
    0.4472814779109762,
    0.4413189897596346,
    0.44863286277759296,
    0.4647120842991826,
    0.4750633379124898,
    0.451175106387088,
    0.46123078224934444,
    0.44903355259868083,
    0.4865350665565069,
    0.44726953294789024,
    0.42982518696803934,
    0.4379840420481303,
    0.41579888111954355,
    0.4326544751305593,
    0.4463565635567018,
    0.4295075007006031,
    0.4546227733916748,
    0.42804252259981695,
    0.48275107962275243,
    0.4720449125555447,
    0.4763668898113331,
    0.4662875870764681,
    0.47890630760788083,
    0.47076728939820245
  ],
  "val_iou": [
    0.22209163213924674,
    0.33653769210607404,
    0.3705706628981486,
    0.3546781774277429,
    0.40691476038545243,
    0.4473569451707766,
    0.3828310569642482,
    0.48018004033133144,
    0.47619805961647105,
    0.48056017330653045,
    0.5207216386321313,
    0.4896227407601345,
    0.4699757775511066,
    0.487553574557934,
    0.5088768269851385,
    0.49468575333725234,
    0.5137771542094934,
    0.5110884307083289,
    0.5080047941217778,
    0.5183271260015776,
    0.49762431171613547,
    0.5001468639973904,
    0.49920142466541406,
    0.5245754951447577,
    0.5395977430905834,
    0.5394974812972068,
    0.5298336855170505,
    0.5139878465830454,
    0.548594761759241,
    0.5431990589927331,
    0.5449510434309132,
    0.5339750471684647,
    0.5461965839453201,
    0.5276349481512641,
    0.5367191134148738,
    0.5378716284913803,
    0.5343068546733399,
    0.5340476523229514,
    0.550114262968483,
    0.5447162617397182,
    0.542678398858895,
    0.5061513493513178,
    0.5459340537805508,
    0.5228087952657554,
    0.49965461133679456,
    0.5303808994782786,
    0.5413644323797154,
    0.5387290290841639,
    0.5482640490711416,
    0.5422391102829024,
    0.5456915584781497,
    0.5366441697826523,
    0.5337237635295348,
    0.5465221929019963
  ],
  "train_dice": [
    0.2335842395973016,
    0.36484798139955704,
    0.38681394558604454,
    0.3873654857502592,
    0.42864518684552766,
    0.4766893526219559,
    0.465688191352397,
    0.49933657939194254,
    0.471573435729571,
    0.5377150326945558,
    0.4977071881274182,
    0.5389903235798299,
    0.5195998198542101,
    0.5466568210410564,
    0.5466314729641593,
    0.5591793714008549,
    0.539195414510214,
    0.5509929081342768,
    0.5405540769116848,
    0.5571805911656955,
    0.5325714770322522,
    0.5210631504153191,
    0.5778290167908288,
    0.5725214974030359,
    0.51290675949459,
    0.5718059424408037,
    0.5636712942369867,
    0.550988485012986,
    0.5788225312844133,
    0.5878687220932345,
    0.5882065627820385,
    0.5844775611330891,
    0.5971887351981048,
    0.610677771508154,
    0.623542006936174,
    0.597034009711873,
    0.6095501977565244,
    0.5939659428188,
    0.6294711712842601,
    0.5944881939094937,
    0.574565524052795,
    0.5759840433372453,
    0.5598831777588511,
    0.580181527519963,
    0.5937978529137079,
    0.5800245409026907,
    0.5987396610335849,
    0.5699360417479561,
    0.6295307956370226,
    0.6242771768737048,
    0.6151100461977337,
    0.6095223693573124,
    0.6216057562995273,
    0.6133291401665322
  ],
  "val_dice": [
    0.3538116518828735,
    0.48467941916515883,
    0.5227975465214848,
    0.5049931674804096,
    0.5616541699014199,
    0.6011727124050186,
    0.5369873348186464,
    0.6387004601079991,
    0.6307964020159921,
    0.6374816375430412,
    0.6757058318670301,
    0.6471884525151346,
    0.6261232391431729,
    0.6437470320163146,
    0.6660828888341449,
    0.6527348368282057,
    0.672664744123123,
    0.6689707536300759,
    0.6671528980228385,
    0.6760717626961814,
    0.6554849586386378,
    0.6591304607531606,
    0.6579031565811944,
    0.6775707431647431,
    0.6939040638344731,
    0.6912103620060397,
    0.6849314536027082,
    0.6726542429902009,
    0.7010838014277432,
    0.6951883495445578,
    0.6989474319931319,
    0.6885348561697116,
    0.6986656056617607,
    0.6831246564150788,
    0.691886897829404,
    0.6924748678477843,
    0.6888972892442728,
    0.6888076827020081,
    0.7030060776754748,
    0.6982110079006438,
    0.6956525421466244,
    0.6644625536436795,
    0.6953920785552553,
    0.677382477122502,
    0.655905134215111,
    0.6834021588982722,
    0.6960495325208529,
    0.6936250861363216,
    0.6991410687319819,
    0.6951174689064789,
    0.6973026558845908,
    0.689227109871846,
    0.6882405076726456,
    0.6980750543939185
  ]
}